75056,Paris,26194.7
75101,Paris 1er Arrondissement,31574.5
75102,Paris 2e Arrondissement,29296
75103,Paris 3e Arrondissement,30560.7
75104,Paris 4e Arrondissement,30385.5
75105,Paris 5e Arrondissement,32717.5
75106,Paris 6e Arrondissement,38213.3
75107,Paris 7e Arrondissement,41501.3
75108,Paris 8e Arrondissement,39906
75109,Paris 9e Arrondissement,32319
75110,Paris 10e Arrondissement,24684.2
75111,Paris 11e Arrondissement,25972.7
75112,Paris 12e Arrondissement,26700
75113,Paris 13e Arrondissement,23397
75114,Paris 14e Arrondissement,27047.3
75115,Paris 15e Arrondissement,30246.7
75116,Paris 16e Arrondissement,38506.8
75117,Paris 17e Arrondissement,29715.6
75118,Paris 18e Arrondissement,20526
75119,Paris 19e Arrondissement,18968.3
75120,Paris 20e Arrondissement,20345.3
76758,Yvetot,19026
76759,Yville-sur-Seine,20956.7
77001,Achères-la-Forêt,27680.7
77002,Amillis,22215.4
77003,Amponville,24094.4
77004,Andrezel,27976
77005,Annet-sur-Marne,26751.4
77006,Arbonne-la-Forêt,26825.4
77007,Argentières,25116.7
77008,Armentières-en-Brie,19321
77009,Arville,26644.3
77010,Aubepierre-Ozouer-le-Repos,24144
77011,Aufferville,22264
77012,Augers-en-Brie,21514.4
77013,Aulnoy,24129.6
77014,Avon,21545
77015,Baby,
77016,Bagneaux-sur-Loing,18258
77018,Bailly-Romainvilliers,24063.5
77019,Balloy,23314
77020,Bannost-Villegagnon,24548.5
77021,Barbey,21319
77022,Barbizon,30270.5
77023,Barcy,23027
77024,Bassevelle,21667
77025,Bazoches-lès-Bray,21467.6
77026,Beauchery-Saint-Martin,22177.5
77027,Beaumont-du-Gâtinais,19618.9
77028,Beautheil,25007.3
77029,Beauvoir,23068.5
77030,Bellot,21238.7
77031,Bernay-Vilbert,25176.5
77032,Beton-Bazoches,20707.5
77033,Bezalles,20335.8
77034,Blandy,26418
77035,Blennes,23574.3
77036,Boisdon,24077.8
77037,Bois-le-Roi,30214
77038,Boissettes,28974
77039,Boissise-la-Bertrand,29811.1
77040,Boissise-le-Roi,26845.5
77041,Boissy-aux-Cailles,27305.2
77042,Boissy-le-Châtel,22446.7
77043,Boitron,22032.4
77044,Bombon,24587.6
77045,Bougligny,22092.9
77046,Boulancourt,23708.7
77047,Bouleurs,24675.5
77048,Bourron-Marlotte,26124.8
77049,Boutigny,27841.3
77050,Bransles,21244
77051,Bray-sur-Seine,18657
77052,Bréau,25590.3
77053,Brie-Comte-Robert,22952.2
77054,La Brosse-Montceaux,22815.6
77055,Brou-sur-Chantereine,21472.2
77056,Burcy,19625.6
77057,Bussières,20646.1
77058,Bussy-Saint-Georges,23511.9
77059,Bussy-Saint-Martin,30698.8
77060,Buthiers,23900.3
77061,Cannes-Écluse,21868.7
77062,Carnetin,26758
77063,La Celle-sur-Morin,24385.6
77065,Cély,27677.7
77066,Cerneux,21446.3
77067,Cesson,25532.6
77068,Cessoy-en-Montois,23966.7
77069,Chailly-en-Bière,24883
77070,Chailly-en-Brie,22843.3
77071,Chaintreaux,22894
77072,Chalautre-la-Grande,19467.3
77073,Chalautre-la-Petite,24490.6
77075,Chalifert,25962
77076,Chalmaison,22125
77077,Chambry,22774.3
77078,Chamigny,23215
77079,Champagne-sur-Seine,19477
77080,Champcenest,21264.3
77081,Champdeuil,23890
77082,Champeaux,23894.4
77083,Champs-sur-Marne,21438.7
77084,Changis-sur-Marne,24045.7
77085,Chanteloup-en-Brie,24813.6
77086,La Chapelle-Gauthier,22731.4
77087,La Chapelle-Iger,26067.6
77088,La Chapelle-la-Reine,21838
77089,La Chapelle-Rablais,24044
77090,La Chapelle-Saint-Sulpice,22202.4
77091,Les Chapelles-Bourbon,26954
77093,La Chapelle-Moutils,19733.3
77094,Charmentray,25969
77095,Charny,25662.2
77096,Chartrettes,28173.3
77097,Chartronges,22699.5
77098,Châteaubleau,22162.8
77099,Château-Landon,19829.1
77100,Le Châtelet-en-Brie,23699
77101,Châtenay-sur-Seine,21596
77102,Châtenoy,22813.1
77103,Châtillon-la-Borde,27903.9
77104,Châtres,27361.4
77106,Chauffry,23059.6
77107,Chaumes-en-Brie,23078
77108,Chelles,21531.4
77109,Chenoise,20641
77110,Chenou,24257.8
77111,Chessy,25286.1
77112,Chevrainvilliers,25742.2
77113,Chevru,20709.1
77114,Chevry-Cossigny,25616.7
77115,Chevry-en-Sereine,22723.3
77116,Choisy-en-Brie,22255.2
77117,Citry,20511.4
77118,Claye-Souilly,24828
77119,Clos-Fontaine,22524.6
77120,Cocherel,22220.8
77121,Collégien,24540
77122,Combs-la-Ville,22978.8
77123,Compans,24331.3
77124,Conches-sur-Gondoire,30402.7
77125,Condé-Sainte-Libiaire,26827.8
77126,Congis-sur-Thérouanne,23267.8
77127,Coubert,23354.3
77128,Couilly-Pont-aux-Dames,26436.5
77129,Coulombs-en-Valois,21248.9
77130,Coulommes,23894.4
77131,Coulommiers,18670
77132,Coupvray,27094.5
77133,Courcelles-en-Bassée,25605
77134,Courchamp,20882.2
77135,Courpalay,23346.4
77136,Courquetaine,28040
77137,Courtacon,20121.9
77138,Courtomer,24995.3
77139,Courtry,25343
77140,Coutençon,23439.5
77141,Coutevroult,24680.7
77142,Crécy-la-Chapelle,24536.7
77143,Crégy-lès-Meaux,21996
77144,Crèvecoeur-en-Brie,24910
77145,Crisenoy,24850.4
77146,Croissy-Beaubourg,28921.3
77147,La Croix-en-Brie,22585.8
77148,Crouy-sur-Ourcq,20805.8
77149,Cucharmoy,22672.2
77150,Cuisy,24333.3
77151,Dagny,23823.7
77152,Dammarie-les-Lys,18536.4
77153,Dammartin-en-Goële,24016.7
77154,Dammartin-sur-Tigeaux,24814.8
77155,Dampmart,24149.6
77156,Darvault,21840.5
77157,Dhuisy,22821.5
77158,Diant,21605.3
77159,Donnemarie-Dontilly,20273.8
77161,Dormelles,26383
77162,Doue,23117.2
77163,Douy-la-Ramée,21480.4
77164,Échouboulains,23150
77165,Les Écrennes,24788.9
77167,Égligny,21471.7
77168,Égreville,20058.5
77169,Émerainville,23971
77170,Épisy,25092.5
77171,Esbly,24516.1
77172,Esmans,23144
77173,Étrépilly,23704.5
77174,Everly,20489
77175,Évry-Grégy-sur-Yerre,27961.2
77176,Faremoutiers,22988
77177,Favières,25827.2
77178,Faÿ-lès-Nemours,22886
77179,Féricy,26906.7
77180,Férolles-Attilly,31206.7
77181,Ferrières-en-Brie,26529.5
77182,La Ferté-Gaucher,17108
77183,La Ferté-sous-Jouarre,19401.3
77184,Flagy,23200
77185,Fleury-en-Bière,30737.5
77186,Fontainebleau,23828.4
77187,Fontaine-Fourches,19271.9
77188,Fontaine-le-Port,27118.7
77190,Fontains,24526.7
77191,Fontenailles,24684.5
77192,Fontenay-Trésigny,22239.2
77193,Forfry,26354.6
77194,Forges,22717.2
77195,Fouju,26399.3
77196,Fresnes-sur-Marne,26921
77197,Frétoy,23765.4
77198,Fromont,22697
77199,Fublaines,23132
77200,Garentreville,23708
77201,Gastins,24583.3
77202,La Genevraye,23521.7
77203,Germigny-l'Évêque,27408.4
77204,Germigny-sous-Coulombs,21421.4
77205,Gesvres-le-Chapitre,27500
77206,Giremoutiers,21551.3
77207,Gironville,20256.5
77208,Gouaix,19971.2
77209,Gouvernes,30996.7
77210,La Grande-Paroisse,22417.8
77211,Grandpuits-Bailly-Carrois,21618.4
77212,Gravon,27006.7
77214,Gressy,32128.6
77215,Gretz-Armainvilliers,21334.6
77216,Grez-sur-Loing,23748.3
77217,Grisy-Suisnes,25879.3
77218,Grisy-sur-Seine,19959
77219,Guérard,25843.6
77220,Guercheville,23057.8
77221,Guermantes,31985
77222,Guignes,22179.6
77223,Gurcy-le-Châtel,22326.8
77224,Hautefeuille,24693.9
77225,La Haute-Maison,22966.1
77226,Héricy,26879.6
77227,Hermé,21165.3
77228,Hondevilliers,21629
77229,La Houssaye-en-Brie,25134.8
77230,Ichy,22919.5
77231,Isles-les-Meldeuses,21563
77232,Isles-lès-Villenoy,26138
77233,Iverny,22583.6
77234,Jablines,25846.4
77235,Jaignes,23913.8
77236,Jaulnes,22937.1
77237,Jossigny,25131.2
77238,Jouarre,20802.9
77239,Jouy-le-Châtel,21541.4
77240,Jouy-sur-Morin,20670.7
77241,Juilly,23062.4
77242,Jutigny,21079.2
77243,Lagny-sur-Marne,22781.3
77244,Larchant,25346.7
77245,Laval-en-Brie,21975.8
77246,Léchelle,21290.8
77247,Lescherolles,22261.9
77248,Lesches,28628.6
77249,Lésigny,29233.3
77250,Leudon-en-Brie,22298.1
77251,Lieusaint,21699
77252,Limoges-Fourches,24222.7
77253,Lissy,24241.8
77254,Liverdy-en-Brie,26065.2
77255,Livry-sur-Seine,26071.3
77256,Lizines,23013.8
77257,Lizy-sur-Ourcq,17438.1
77258,Lognes,20033.7
77259,Longperrier,23138
77260,Longueville,18910
77261,Lorrez-le-Bocage-Préaux,21224
77262,Louan-Villegruis-Fontaine,21043.9
77263,Luisetaines,21842.7
77264,Lumigny-Nesles-Ormeaux,24769.6
77265,Luzancy,21149.5
77266,Machault,24961.2
77267,La Madeleine-sur-Loing,22570.3
77268,Magny-le-Hongre,26704.8
77269,Maincy,26162.7
77270,Maisoncelles-en-Brie,25867.6
77271,Maisoncelles-en-Gâtinais,20319.4
77272,Maison-Rouge,22203.1
77273,Marchémoret,23236.2
77274,Marcilly,23460.5
77275,Les Marêts,20549
77276,Mareuil-lès-Meaux,24105.9
77277,Marles-en-Brie,24790
77278,Marolles-en-Brie,22939.2
77279,Marolles-sur-Seine,21633.3
77280,Mary-sur-Marne,23276
77281,Mauperthuis,25083.6
77282,Mauregard,20874.7
77283,May-en-Multien,22576.7
77284,Meaux,17708.6
77285,Le Mée-sur-Seine,17634.4
77286,Meigneux,23430.8
77287,Meilleray,20307.5
77288,Melun,17605.6
77289,Melz-sur-Seine,21140.4
77290,Méry-sur-Marne,23849.1
77291,Le Mesnil-Amelot,21298
77292,Messy,26512.9
77293,Misy-sur-Yonne,21424.7
77294,Mitry-Mory,21042.7
77295,Moisenay,26335.2
77296,Moissy-Cramayel,19907.4
77297,Mondreville,23527
77298,Mons-en-Montois,21637.1
77299,Montarlot,25037.6
77300,Montceaux-lès-Meaux,25164.7
77301,Montceaux-lès-Provins,19705.3
77302,Montcourt-Fromonville,23466.7
77303,Montdauphin,19715
77304,Montenils,
77305,Montereau-Fault-Yonne,14974.3
77306,Montereau-sur-le-Jard,26610.7
77307,Montévrain,24491
77308,Montgé-en-Goële,26355
77309,Monthyon,23198.6
77310,Montigny-le-Guesdier,22735.6
77311,Montigny-Lencoup,23215.9
77312,Montigny-sur-Loing,25747
77313,Montmachoux,25006.5
77314,Montolivet,22767.3
77315,Montry,25326
77316,Orvanne,23893.6
77317,Mormant,20508.1
77318,Mortcerf,24407.1
77319,Mortery,22212.4
77320,Mouroux,22390.4
77321,Mousseaux-lès-Bray,20432.5
77322,Moussy-le-Neuf,25395.6
77323,Moussy-le-Vieux,24304.8
77325,Mouy-sur-Seine,20778.7
77326,Nandy,22278
77327,Nangis,18121.3
77328,Nanteau-sur-Essonne,24746.4
77329,Nanteau-sur-Lunain,24804.3
77330,Nanteuil-lès-Meaux,23454.8
77331,Nanteuil-sur-Marne,18786.7
77332,Nantouillet,23492.9
77333,Nemours,17269
77335,Chauconin-Neufmontiers,24585.2
77336,Neufmoutiers-en-Brie,25120.5
77337,Noisiel,18851.7
77338,Noisy-Rudignon,22004.3
77339,Noisy-sur-École,31528.1
77340,Nonville,24452
77341,Noyen-sur-Seine,20887.3
77342,Obsonville,24783.8
77343,Ocquerre,21593.7
77344,Oissery,24344.7
77345,Orly-sur-Morin,23649.3
77347,Les Ormes-sur-Voulzie,21583.8
77348,Ormesson,25622
77349,Othis,24373.9
77350,Ozoir-la-Ferrière,25032.7
77352,Ozouer-le-Voulgis,26450.5
77353,Paley,23953.3
77354,Pamfou,22641.7
77355,Paroy,24972
77356,Passy-sur-Seine,
77357,Pécy,23825.5
77358,Penchard,24753.9
77359,Perthes,26042
77360,Pézarches,22937
77361,Pierre-Levée,24916.1
77363,Le Pin,25370.3
77364,Le Plessis-aux-Bois,24658.5
77365,Le Plessis-Feu-Aussoux,25158.8
77366,Le Plessis-l'Évêque,23452
77367,Le Plessis-Placy,22498.3
77368,Poigny,20155.4
77369,Poincy,25184
77370,Poligny,23424
77371,Pommeuse,22776.6
77372,Pomponne,24756.7
77373,Pontault-Combault,22490
77374,Pontcarré,25394.6
77376,Précy-sur-Marne,24960.4
77377,Presles-en-Brie,25043
77378,Pringy,24717
77379,Provins,17201.3
77380,Puisieux,23642.8
77381,Quiers,23727.3
77382,Quincy-Voisins,24892
77383,Rampillon,23635.6
77384,Réau,23403.3
77385,Rebais,19507.7
77386,Recloses,27742.6
77387,Remauville,22353.8
77388,Reuil-en-Brie,22221.7
77389,La Rochette,26811.1
77390,Roissy-en-Brie,21641.6
77391,Rouilly,21048.4
77392,Rouvres,26607.2
77393,Rozay-en-Brie,22832.8
77394,Rubelles,28111.7
77395,Rumont,24381.6
77396,Rupéreux,
77397,Saâcy-sur-Marne,20585.3
77398,Sablonnières,21027
77399,Saint-Ange-le-Viel,22747.5
77400,Saint-Augustin,24822.6
77401,Sainte-Aulde,24324.5
77402,Saint-Barthélemy,21787.3
77403,Saint-Brice,22619
77404,Sainte-Colombe,21106
77405,Saint-Cyr-sur-Morin,22652.9
77406,Saint-Denis-lès-Rebais,23724.6
77407,Saint-Fargeau-Ponthierry,23229.6
77408,Saint-Fiacre,25779
77409,Saint-Germain-Laval,20920
77410,Saint-Germain-Laxis,25460.9
77411,Saint-Germain-sous-Doue,22940.3
77412,Saint-Germain-sur-École,25894.5
77413,Saint-Germain-sur-Morin,24824.8
77414,Saint-Hilliers,22480.5
77415,Saint-Jean-les-Deux-Jumeaux,23260
77416,Saint-Just-en-Brie,22781.7
77417,Saint-Léger,23048.7
77418,Saint-Loup-de-Naud,20743.3
77419,Saint-Mammès,21852.9
77420,Saint-Mard,24350.5
77421,Saint-Mars-Vieux-Maisons,20030.2
77423,Saint-Martin-des-Champs,20770.8
77424,Saint-Martin-du-Boschet,20373
77425,Saint-Martin-en-Bière,29905.5
77426,Saint-Méry,25353.3
77427,Saint-Mesmes,25909
77428,Saint-Ouen-en-Brie,25256.2
77429,Saint-Ouen-sur-Morin,21665.3
77430,Saint-Pathus,24657.3
77431,Saint-Pierre-lès-Nemours,22305.2
77432,Saint-Rémy-la-Vanne,22840
77433,Saints,23686.5
77434,Saint-Sauveur-lès-Bray,23244.8
77435,Saint-Sauveur-sur-École,31244.7
77436,Saint-Siméon,23085.8
77437,Saint-Soupplets,22766.5
77438,Saint-Thibault-des-Vignes,24867.2
77439,Salins,22079.2
77440,Sammeron,22224.3
77441,Samois-sur-Seine,29528.8
77442,Samoreau,26302.9
77443,Sancy,24796.9
77444,Sancy-lès-Provins,22010.6
77445,Savigny-le-Temple,20130.8
77446,Savins,21614.7
77447,Seine-Port,30527.2
77448,Sept-Sorts,23015.8
77449,Serris,22831.4
77450,Servon,27590.7
77451,Signy-Signets,22868.4
77452,Sigy,
77453,Sivry-Courtry,25223.8
77454,Sognolles-en-Montois,22023.3
77455,Soignolles-en-Brie,25189.1
77456,Soisy-Bouy,21656
77457,Solers,24659.6
77458,Souppes-sur-Loing,18890.6
77459,Sourdun,20490
77460,Tancrou,23602.8
77461,Thénisy,23476.9
77462,Thieux,21463.3
77463,Thomery,26087.2
77464,Thorigny-sur-Marne,23559
77465,Thoury-Férottes,22629.7
77466,Tigeaux,26046.5
77467,La Tombe,22038
77468,Torcy,19536.3
77469,Touquin,22402.7
77470,Tournan-en-Brie,22970
77471,Tousson,23903.2
77472,La Trétoire,21685.4
77473,Treuzy-Levelay,24886.8
77474,Trilbardou,23116.2
77475,Trilport,23397.4
77476,Trocy-en-Multien,24795.6
77477,Ury,25219
77478,Ussy-sur-Marne,22220
77479,Vaires-sur-Marne,23601
77480,Valence-en-Brie,21343.1
77481,Vanvillé,23963
77482,Varennes-sur-Seine,19386.7
77483,Varreddes,23897.2
77484,Vaucourtois,24583.5
77485,Le Vaudoué,27007.5
77486,Vaudoy-en-Brie,23503.5
77487,Vaux-le-Pénil,25017.6
77489,Vaux-sur-Lunain,23361
77490,Vendrest,20701.4
77491,Veneux-les-Sablons,24965.3
77492,Verdelot,21499.4
77493,Verneuil-l'Étang,21877.3
77494,Vernou-la-Celle-sur-Seine,23870
77495,Vert-Saint-Denis,24187.1
77496,Vieux-Champagne,24493.3
77498,Vignely,25478.1
77500,Villebéon,21411.9
77501,Villecerf,24563.5
77504,Villemaréchal,24222
77505,Villemareuil,23966.1
77506,Villemer,24018.6
77507,Villenauxe-la-Petite,19796.1
77508,Villeneuve-le-Comte,24499
77509,Villeneuve-les-Bordes,22207.7
77510,Villeneuve-Saint-Denis,26253.2
77511,Villeneuve-sous-Dammartin,20487.1
77512,Villeneuve-sur-Bellot,19704.3
77513,Villenoy,22416.5
77514,Villeparisis,20773.3
77515,Villeroy,24140
77516,Ville-Saint-Jacques,23511
77517,Villevaudé,24997.5
77518,Villiers-en-Bière,29595.2
77519,Villiers-Saint-Georges,19586
77520,Villiers-sous-Grez,25899.6
77521,Villiers-sur-Morin,24776.8
77522,Villiers-sur-Seine,20099
77523,Villuis,21578.3
77524,Vimpelles,22326.3
77525,Vinantes,24968.1
77526,Vincy-Manoeuvre,23746
77527,Voinsles,24602.4
77528,Voisenon,26836.8
77529,Voulangis,26174.8
77530,Voulton,23276
77531,Voulx,20073
77532,Vulaines-lès-Provins,
77533,Vulaines-sur-Seine,28101.5
77534,Yèbles,24684.5
78003,Ablis,24186.7
78005,Achères,21371.4
78006,Adainville,27776.7
78007,Aigremont,38090.5
78009,Allainville,22031
78010,Les Alluets-le-Roi,33296.5
78013,Andelu,29132.4
78015,Andrésy,27467.2
78020,Arnouville-lès-Mantes,27313.3
78029,Aubergenville,20734.5
78030,Auffargis,30834.4
78031,Auffreville-Brasseuil,26526.1
78033,Aulnay-sur-Mauldre,26447
78034,Auteuil,30910.5
78036,Autouillet,32978.7
78043,Bailly,35200.9
78048,Bazainville,28367.6
78049,Bazemont,31247.1
78050,Bazoches-sur-Guyonne,33180.5
78053,Béhoust,31370.7
78057,Bennecourt,23185.7
78062,Beynes,27281.9
78068,Blaru,24321.9
78070,Boinville-en-Mantois,26701.7
78071,Boinville-le-Gaillard,24954.5
78072,Boinvilliers,29784
78073,Bois-d'Arcy,25468.7
78076,Boissets,25240.5
78077,La Boissière-École,25285.6
78082,Boissy-Mauvoisin,23608.7
78084,Boissy-sans-Avoir,28752
78087,Bonnelles,27839.3
78089,Bonnières-sur-Seine,19710.2
78090,Bouafle,25560
78092,Bougival,30187
78096,Bourdonné,29027.2
78104,Breuil-Bois-Robert,26555.3
78107,Bréval,24497.6
78108,Les Bréviaires,29152.7
78113,Brueil-en-Vexin,24597.6
78117,Buc,32146
78118,Buchelay,22387.5
78120,Bullion,30398.3
78123,Carrières-sous-Poissy,19671.9
78124,Carrières-sur-Seine,28546.2
78125,La Celle-les-Bordes,32328.8
78126,La Celle-Saint-Cloud,28156
78128,Cernay-la-Ville,31948.1
78133,Chambourcy,30831
78138,Chanteloup-les-Vignes,17257.2
78140,Chapet,31425.6
78143,Châteaufort,33478.4
78146,Chatou,30438.8
78147,Chaufour-lès-Bonnières,23987.3
78152,Chavenay,37164.7
78158,Le Chesnay,30957.2
78160,Chevreuse,30212.8
78162,Choisel,30864
78163,Civry-la-Forêt,28139.3
78164,Clairefontaine-en-Yvelines,32417.7
78165,Les Clayes-sous-Bois,23753.3
78168,Coignières,21490
78171,Condé-sur-Vesgre,27011.7
78172,Conflans-Sainte-Honorine,24418.5
78185,Courgent,31709.6
78188,Cravent,24459.1
78189,Crespières,33856.7
78190,Croissy-sur-Seine,37051.7
78192,Dammartin-en-Serve,25351.1
78193,Dampierre-en-Yvelines,32861.5
78194,Dannemarie,31704.6
78196,Davron,40044.6
78202,Drocourt,24164.3
78206,Ecquevilly,24626
78208,Élancourt,23650
78209,Émancé,27539
78217,Épône,24269.4
78220,Les Essarts-le-Roi,26675.2
78224,L'Étang-la-Ville,38881.9
78227,Évecquemont,29753.6
78230,La Falaise,26344.7
78231,Favrieux,26566.2
78233,Feucherolles,37028.9
78234,Flacourt,25859.6
78236,Flexanville,28819.3
78237,Flins-Neuve-Église,23920.4
78238,Flins-sur-Seine,24349.6
78239,Follainville-Dennemont,24058.9
78242,Fontenay-le-Fleury,24099.5
78245,Fontenay-Mauvoisin,28825.7
78246,Fontenay-Saint-Père,26336.7
78251,Fourqueux,40344.4
78255,Freneuse,21055.6
78261,Gaillon-sur-Montcient,27372.7
78262,Galluis,28754.6
78263,Gambais,28906.5
78264,Gambaiseuil,
78265,Garancières,28147.6
78267,Gargenville,23208.6
78269,Gazeran,28947.2
78276,Gommecourt,22946
78278,Goupillières,32055.3
78281,Goussonville,25984.4
78283,Grandchamp,26332.2
78285,Gressey,27437.1
78289,Grosrouvre,33480
78290,Guernes,24261.5
78291,Guerville,24018.6
78296,Guitrancourt,26037
78297,Guyancourt,23455.7
78299,Hardricourt,24412.3
78300,Hargeville,28056.5
78302,La Hauteville,31614
78305,Herbeville,35102.9
78307,Hermeray,28096.7
78310,Houdan,21991.3
78311,Houilles,26908.7
78314,Issou,22789.3
78317,Jambville,25848
78320,Jeufosse,23257.3
78321,Jouars-Pontchartrain,30631
78322,Jouy-en-Josas,33775
78324,Jouy-Mauvoisin,24702.9
78325,Jumeauville,27091.5
78327,Juziers,24831.7
78329,Lainville-en-Vexin,28331.5
78334,Lévis-Saint-Nom,31568.5
78335,Limay,18411
78337,Limetz-Villez,23404.7
78343,Les Loges-en-Josas,39000
78344,Lommoye,24915.6
78346,Longnes,25401.2
78349,Longvilliers,31364.4
78350,Louveciennes,35772.4
78354,Magnanville,23361
78356,Magny-les-Hameaux,26455.6
78358,Maisons-Laffitte,33846.8
78361,Mantes-la-Jolie,15487
78362,Mantes-la-Ville,18923.2
78364,Marcq,29176
78366,Mareil-le-Guyon,31661.3
78367,Mareil-Marly,36990.5
78368,Mareil-sur-Mauldre,31820
78372,Marly-le-Roi,29382.8
78380,Maule,27237
78381,Maulette,25293.8
78382,Maurecourt,26652
78383,Maurepas,25095.2
78384,Médan,33553.3
78385,Ménerville,24602.4
78389,Méré,31691.4
78391,Méricourt,22648.6
78396,Le Mesnil-le-Roi,32771.7
78397,Le Mesnil-Saint-Denis,31512.5
78398,Les Mesnuls,32236.8
78401,Meulan-en-Yvelines,20148
78402,Mézières-sur-Seine,24796.1
78403,Mézy-sur-Seine,26448.7
78404,Millemont,32479.1
78406,Milon-la-Chapelle,36893.7
78407,Mittainville,25679
78410,Moisson,24016.7
78413,Mondreville,21848
78415,Montainville,32261.2
78416,Montalet-le-Bois,26497
78417,Montchauvet,27496.7
78418,Montesson,29743.2
78420,Montfort-l'Amaury,30568.5
78423,Montigny-le-Bretonneux,28326.8
78431,Morainvilliers,35034.3
78437,Mousseaux-sur-Seine,24622.8
78439,Mulcent,27727
78440,Les Mureaux,16214.6
78442,Neauphle-le-Château,29214
78443,Neauphle-le-Vieux,30994.6
78444,Neauphlette,26339.3
78451,Nézel,24669.2
78455,Noisy-le-Roi,35031.3
78460,Oinville-sur-Montcient,27054.4
78464,Orcemont,27541.3
78465,Orgerus,26935.6
78466,Orgeval,34516.2
78470,Orphin,28001.4
78472,Orsonville,22948.7
78474,Orvilliers,23585.7
78475,Osmoy,29027.1
78478,Paray-Douaville,24177.2
78481,Le Pecq,28214
78484,Perdreauville,26086.5
78486,Le Perray-en-Yvelines,26742.7
78490,Plaisir,23243
78497,Poigny-la-Forêt,30952
78498,Poissy,21845.6
78499,Ponthévrard,26727.1
78501,Porcheville,22670
78502,Le Port-Marly,25299.3
78503,Port-Villez,25106.1
78505,Prunay-le-Temple,25577
78506,Prunay-en-Yvelines,27766.1
78513,La Queue-les-Yvelines,27115.3
78516,Raizeux,27936.9
78517,Rambouillet,25034
78518,Rennemoulin,35686.4
78520,Richebourg,27743.3
78522,Rochefort-en-Yvelines,32303.2
78524,Rocquencourt,35064.3
78528,Rolleboise,20845.3
78530,Rosay,25441.3
78531,Rosny-sur-Seine,21145.6
78536,Sailly,24561.6
78537,Saint-Arnoult-en-Yvelines,26978.4
78545,Saint-Cyr-l'École,23531.1
78548,Saint-Forget,35460.6
78550,Saint-Germain-de-la-Grange,32478
78551,Saint-Germain-en-Laye,29426.8
78557,Saint-Hilarion,26523.8
78558,Saint-Illiers-la-Ville,26533.8
78559,Saint-Illiers-le-Bois,26071.3
78561,Saint-Lambert,36755.6
78562,Saint-Léger-en-Yvelines,27233.2
78564,Saint-Martin-de-Bréthencourt,25393.3
78565,Saint-Martin-des-Champs,32428.5
78567,Saint-Martin-la-Garenne,26280
78569,Sainte-Mesme,26745.8
78571,Saint-Nom-la-Bretèche,41473.8
78575,Saint-Rémy-lès-Chevreuse,33013
78576,Saint-Rémy-l'Honoré,31297.3
78586,Sartrouville,22232.5
78588,Saulx-Marchais,27489.3
78590,Senlisse,33009.5
78591,Septeuil,25583
78597,Soindres,27054.5
78601,Sonchamp,26566.4
78605,Tacoignières,26586.5
78606,Le Tartre-Gaudran,
78608,Le Tertre-Saint-Denis,25259
78609,Tessancourt-sur-Aubette,26125
78615,Thiverval-Grignon,27852
78616,Thoiry,27218
78618,Tilly,26953.5
78620,Toussus-le-Noble,32158
78621,Trappes,16269.5
78623,Le Tremblay-sur-Mauldre,29256.4
78624,Triel-sur-Seine,26612.1
78638,Vaux-sur-Seine,27057.2
78640,Vélizy-Villacoublay,26273.3
78642,Verneuil-sur-Seine,26293.9
78643,Vernouillet,25525.3
78644,La Verrière,16799.6
78646,Versailles,30370
78647,Vert,27604.7
78650,Le Vésinet,38846.7
78653,Vicq,32648.1
78655,Vieille-Église-en-Yvelines,31450
78668,La Villeneuve-en-Chevrie,24830
78672,Villennes-sur-Seine,38565.7
78674,Villepreux,26997.6
78677,Villette,26989.2
78681,Villiers-le-Mahieu,27968
78683,Villiers-Saint-Frédéric,30778.8
78686,Viroflay,33028.5
78688,Voisins-le-Bretonneux,33496
79001,L'Absie,17920
79002,Adilly,19673.5
79003,Aiffres,22065
79004,Aigonnay,21386.7
79005,Airvault,18986
79006,Les Alleuds,17526.1
79007,Allonne,17699
79008,Amailloux,17161.4
91001,Abbéville-la-Rivière,24920
91016,Angerville,20115.4
91017,Angervilliers,25908
91021,Arpajon,20274
91022,Arrancourt,25283.6
91027,Athis-Mons,20716.9
91035,Authon-la-Plaine,22580.3
91037,Auvernaux,24700
91038,Auvers-Saint-Georges,27000
91041,Avrainville,27130
91044,Ballainvilliers,27718
91045,Ballancourt-sur-Essonne,23637.3
91047,Baulne,24939.5
91064,Bièvres,32530.7
91067,Blandy,22635.2
91069,Boigneville,21920.8
91075,Bois-Herpin,
91079,Boissy-la-Rivière,27424
91080,Boissy-le-Cutté,23868.7
91081,Boissy-le-Sec,25900.4
91085,Boissy-sous-Saint-Yon,25033
91086,Bondoufle,25848.1
91093,Boullay-les-Troux,34536
91095,Bouray-sur-Juine,26025.2
91097,Boussy-Saint-Antoine,22998
91098,Boutervilliers,24892.9
91099,Boutigny-sur-Essonne,24564.8
91100,Bouville,24713.3
91103,Brétigny-sur-Orge,21789.3
91105,Breuillet,24381.5
91106,Breux-Jouy,25578.4
91109,Brières-les-Scellés,23998
91111,Briis-sous-Forges,27378.3
91112,Brouy,26976.8
91114,Brunoy,24812.2
91115,Bruyères-le-Châtel,26290.7
91121,Buno-Bonnevaux,23680.4
91122,Bures-sur-Yvette,32058.5
91129,Cerny,25453.8
91130,Chalo-Saint-Mars,24983.5
91131,Chalou-Moulineux,23524
91132,Chamarande,25693.6
91135,Champcueil,25329.1
91136,Champlan,23413.5
91137,Champmotteux,23341.9
91145,Chatignonville,
91148,Chauffour-lès-Étréchy,29038.3
91156,Cheptainville,26765.2
91159,Chevannes,25895.7
91161,Chilly-Mazarin,21875.5
91174,Corbeil-Essonnes,17142
91175,Corbreuse,23953.5
91179,Le Coudray-Montceaux,23903.8
91180,Courances,27399
91182,Courcouronnes,18517.5
91184,Courdimanche-sur-Essonne,26543.9
91186,Courson-Monteloup,28129
91191,Crosne,24102
91195,Dannemois,25380.8
91198,D'Huison-Longueville,26158.8
91200,Dourdan,21093.3
91201,Draveil,24024
91204,Écharcon,26918.9
91207,Égly,21555.3
91215,Épinay-sous-Sénart,17402.4
91216,Épinay-sur-Orge,26109
91222,Estouches,25004.6
91223,Étampes,18229.3
91225,Étiolles,31921.6
91226,Étréchy,24901.9
91228,Évry,16686.2
91232,La Ferté-Alais,23910.7
91235,Fleury-Mérogis,18771.1
91240,Fontaine-la-Rivière,25808.2
91243,Fontenay-lès-Briis,27960.4
91244,Fontenay-le-Vicomte,25749.7
91247,La Forêt-le-Roi,24330.5
91248,La Forêt-Sainte-Croix,23908.8
91249,Forges-les-Bains,27369
91272,Gif-sur-Yvette,33210.5
91273,Gironville-sur-Essonne,23358.9
91274,Gometz-la-Ville,30913.3
91275,Gometz-le-Châtel,29362.5
91284,Les Granges-le-Roi,24884.3
91286,Grigny,13095
91292,Guibeville,27686.7
91293,Guigneville-sur-Essonne,25562.9
91294,Guillerval,24335.7
91312,Igny,29411.3
91315,Itteville,25312.4
91318,Janville-sur-Juine,26595.3
91319,Janvry,29360
91326,Juvisy-sur-Orge,22400
91330,Lardy,26204.8
91332,Leudeville,28130
91333,Leuville-sur-Orge,25416.7
91338,Limours,27807.4
91339,Linas,24377.4
91340,Lisses,24156.7
91345,Longjumeau,21583
91347,Longpont-sur-Orge,27439.4
91359,Maisse,22834.8
91363,Marcoussis,27302.8
91374,Marolles-en-Beauce,23370.5
91376,Marolles-en-Hurepoix,25917.6
91377,Massy,22315.2
91378,Mauchamps,28599.1
91386,Mennecy,25778.7
91390,Méréville,22306.4
91393,Mérobert,23045.3
91399,Mespuits,23214.7
91405,Milly-la-Forêt,24385.2
91408,Moigny-sur-École,25760.7
91411,Les Molières,32068.9
91412,Mondeville,25846
91414,Monnerville,23168
91421,Montgeron,23059.3
91425,Montlhéry,24597
91432,Morangis,24133.6
91433,Morigny-Champigny,25468.6
91434,Morsang-sur-Orge,23070
91435,Morsang-sur-Seine,34171.3
91441,Nainville-les-Roches,26447.3
91457,La Norville,27410
91458,Nozay,27857.8
91461,Ollainville,25707.9
91463,Oncy-sur-École,24838.7
91468,Ormoy,24352.5
91469,Ormoy-la-Rivière,26574.4
91471,Orsay,30838.2
91473,Orveau,25387.6
91477,Palaiseau,26359
91479,Paray-Vieille-Poste,23849.5
91482,Pecqueuse,28518.1
91494,Le Plessis-Pâté,27100
91495,Plessis-Saint-Benoist,23875.5
91507,Prunay-sur-Essonne,24681
91508,Puiselet-le-Marais,26391.6
91511,Pussay,20725.3
91514,Quincy-sous-Sénart,22056.3
91519,Richarville,26810.7
91521,Ris-Orangis,18869
91525,Roinville,26529.3
91526,Roinvilliers,
91533,Saclas,22217
91534,Saclay,32083.6
91538,Saint-Aubin,38125.7
91540,Saint-Chéron,24608
91544,Saint-Cyr-la-Rivière,25364.8
91546,Saint-Cyr-sous-Dourdan,27677.5
91547,Saint-Escobille,22237.6
91549,Sainte-Geneviève-des-Bois,22222
91552,Saint-Germain-lès-Arpajon,22117.8
91553,Saint-Germain-lès-Corbeil,28132
91556,Saint-Hilaire,27084
91560,Saint-Jean-de-Beauregard,25336.3
91568,Saint-Maurice-Montcouronne,30477.5
91570,Saint-Michel-sur-Orge,21954
91573,Saint-Pierre-du-Perray,24426
91577,Saintry-sur-Seine,25870
91578,Saint-Sulpice-de-Favières,32417.8
91579,Saint-Vrain,26869
91581,Saint-Yon,29462.8
91587,Saulx-les-Chartreux,25740.5
91589,Savigny-sur-Orge,23965
91593,Sermaise,27169.5
91599,Soisy-sur-École,26067.5
91600,Soisy-sur-Seine,29376.5
91602,Souzy-la-Briche,27345.2
91613,Congerville-Thionville,22954.3
91617,Tigery,26133.8
91619,Torfou,28906
91629,Valpuiseaux,25345.3
91630,Le Val-Saint-Germain,29165.3
91631,Varennes-Jarcy,29515.2
91634,Vaugrigneuse,26585.1
91635,Vauhallan,35336.8
91639,Vayres-sur-Essonne,24795.5
91645,Verrières-le-Buisson,33230.5
91648,Vert-le-Grand,26007.3
91649,Vert-le-Petit,24739.3
91654,Videlles,26257.1
91657,Vigneux-sur-Seine,19318.1
91659,Villabé,23619.5
91661,Villebon-sur-Yvette,27447.6
91662,Villeconin,27896.7
91665,La Ville-du-Bois,25548
91666,Villejust,26859
91667,Villemoisson-sur-Orge,28524.4
91671,Villeneuve-sur-Auvers,27895.2
91679,Villiers-le-Bâcle,31899.2
91685,Villiers-sur-Orge,26338.4
91687,Viry-Châtillon,20460.3
91689,Wissous,26400.5
91691,Yerres,25765.7
91692,Les Ulis,18183.3
92002,Antony,28763.3
92004,Asnières-sur-Seine,23587.3
92007,Bagneux,18279
92009,Bois-Colombes,27570
92012,Boulogne-Billancourt,30904.5
92014,Bourg-la-Reine,30933
92019,Châtenay-Malabry,23700
92020,Châtillon,27102
92022,Chaville,29211.7
92023,Clamart,25760
92024,Clichy,18249
92025,Colombes,20851.3
92026,Courbevoie,28725.7
92032,Fontenay-aux-Roses,24912
92033,Garches,33403.3
92035,La Garenne-Colombes,28774
92036,Gennevilliers,16514.1
92040,Issy-les-Moulineaux,29836.7
92044,Levallois-Perret,30012.7
92046,Malakoff,22568
92047,Marnes-la-Coquette,37161.6
92048,Meudon,27662.7
92049,Montrouge,26430.7
92050,Nanterre,18997.5
92051,Neuilly-sur-Seine,42765.6
92060,Le Plessis-Robinson,27178.6
92062,Puteaux,25928
92063,Rueil-Malmaison,30029
92064,Saint-Cloud,36193.5
92071,Sceaux,33763.3
92072,Sèvres,30399.5
92073,Suresnes,27973.3
92075,Vanves,27371.4
92076,Vaucresson,37881.3
92077,Ville-d'Avray,35161
92078,Villeneuve-la-Garenne,16795.2
93001,Aubervilliers,13061
93005,Aulnay-sous-Bois,17036.3
93006,Bagnolet,16230.5
93007,Le Blanc-Mesnil,15706.5
93008,Bobigny,14319
93010,Bondy,16015.3
93013,Le Bourget,16191.3
93014,Clichy-sous-Bois,13060
93015,Coubron,25376.7
93027,La Courneuve,13327.9
93029,Drancy,16628.7
93030,Dugny,15778.1
93031,Épinay-sur-Seine,15720.8
93032,Gagny,21139.3
93033,Gournay-sur-Marne,27666.3
93039,L'Île-Saint-Denis,15259.1
93045,Les Lilas,22024.4
93046,Livry-Gargan,20404.7
93047,Montfermeil,18454.8
93048,Montreuil,17872.2
93049,Neuilly-Plaisance,23658.7
93050,Neuilly-sur-Marne,19342.8
93051,Noisy-le-Grand,20692.5
93053,Noisy-le-Sec,16126.5
93055,Pantin,15786
93057,Les Pavillons-sous-Bois,20751.3
93059,Pierrefitte-sur-Seine,14227.4
93061,Le Pré-Saint-Gervais,18297.1
93062,Le Raincy,26574.3
93063,Romainville,17033.9
93064,Rosny-sous-Bois,19743.8
93066,Saint-Denis,14261.6
93070,Saint-Ouen,16515
93071,Sevran,15603.2
93072,Stains,14233.5
93073,Tremblay-en-France,19938.1
93074,Vaujours,22519.2
93077,Villemomble,21012.8
93078,Villepinte,17839.6
93079,Villetaneuse,14735.7
94001,Ablon-sur-Seine,22915.6
94002,Alfortville,19468
94003,Arcueil,21215.3
94004,Boissy-Saint-Léger,19567.1
94011,Bonneuil-sur-Marne,17534.4
94015,Bry-sur-Marne,28935
94016,Cachan,22880.5
94017,Champigny-sur-Marne,18942.4
94018,Charenton-le-Pont,26772
94019,Chennevières-sur-Marne,21561.7
94021,Chevilly-Larue,20690.7
94022,Choisy-le-Roi,19103.6
94028,Créteil,19007.7
94033,Fontenay-sous-Bois,22631.4
94034,Fresnes,21963.3
94037,Gentilly,19448
94038,L'Haÿ-les-Roses,22377.1
94041,Ivry-sur-Seine,17344
94042,Joinville-le-Pont,25468.7
94043,Le Kremlin-Bicêtre,21613
94044,Limeil-Brévannes,20965.1
94046,Maisons-Alfort,24125.2
94047,Mandres-les-Roses,26280
94048,Marolles-en-Brie,30553
94052,Nogent-sur-Marne,30012
94053,Noiseau,26043.3
94054,Orly,17663.4
94055,Ormesson-sur-Marne,26190.5
94056,Périgny,26793.8
94058,Le Perreux-sur-Marne,27872.3
94059,Le Plessis-Trévise,23976
94060,La Queue-en-Brie,22803.8
94065,Rungis,28460.7
94067,Saint-Mandé,31523
94068,Saint-Maur-des-Fossés,28809.1
94069,Saint-Maurice,25810
94070,Santeny,29740
94071,Sucy-en-Brie,25180.4
94073,Thiais,22253.5
94074,Valenton,15995.2
94075,Villecresnes,26114.6
94076,Villejuif,19431.7
94077,Villeneuve-le-Roi,20428.7
94078,Villeneuve-Saint-Georges,15491.9
94079,Villiers-sur-Marne,21081.3
94080,Vincennes,30530.7
94081,Vitry-sur-Seine,17915.2
95002,Ableiges,27248.7
95008,Aincourt,24324.1
95011,Ambleville,23726.8
95012,Amenucourt,21996.7
95014,Andilly,27859.8
95018,Argenteuil,17518.3
95019,Arnouville,19286
95023,Arronville,27234
95024,Arthies,24475.5
95026,Asnières-sur-Oise,25982.3
95028,Attainville,25886.7
95039,Auvers-sur-Oise,26212
95040,Avernes,27559.3
95042,Baillet-en-France,27957.2
95046,Banthelu,25553.8
95051,Beauchamp,26301.6
95052,Beaumont-sur-Oise,19979.5
95054,Le Bellay-en-Vexin,26140.8
95055,Bellefontaine,25545
95056,Belloy-en-France,25024.8
95058,Bernes-sur-Oise,21815.2
95059,Berville,27233.2
95060,Bessancourt,24458.1
95061,Béthemont-la-Forêt,29075
95063,Bezons,18766.1
95074,Boisemont,30765.5
95078,Boissy-l'Aillerie,27963.9
95088,Bonneuil-en-France,21186.3
95091,Bouffémont,23507.8
95094,Bouqueval,22545.5
95101,Bray-et-Lû,21349.3
95102,Bréançon,28546.7
95110,Brignancourt,28294
95116,Bruyères-sur-Oise,21365.2
95119,Buhy,23095.2
95120,Butry-sur-Oise,25870
95127,Cergy,18540.8
95134,Champagne-sur-Oise,24375.8
95139,La Chapelle-en-Vexin,24276.3
95141,Charmont,
95142,Chars,22888
95144,Châtenay-en-France,
95149,Chaumontel,26339.3
95150,Chaussy,23422.9
95151,Chauvry,29180.7
95154,Chennevières-lès-Louvres,22183.6
95157,Chérence,25856
95166,Cléry-en-Vexin,25515.5
95169,Commeny,25788.8
95170,Condécourt,25257.8
95176,Cormeilles-en-Parisis,26128
95177,Cormeilles-en-Vexin,23907.2
95181,Courcelles-sur-Viosne,27065.2
95183,Courdimanche,24646
95197,Deuil-la-Barre,22850.5
95199,Domont,23573.3
95203,Eaubonne,24601.7
95205,Écouen,23264.3
95210,Enghien-les-Bains,28366.2
95211,Ennery,27014.8
95212,Épiais-lès-Louvres,21029.1
95213,Épiais-Rhus,27953
95214,Épinay-Champlâtreux,
95218,Éragny,22630
95219,Ermont,22307.5
95229,Ézanville,23077.3
95241,Fontenay-en-Parisis,24183.9
95250,Fosses,21404.4
95252,Franconville,21961.7
95253,Frémainville,28806
95254,Frémécourt,26427.6
95256,Frépillon,25499.5
95257,La Frette-sur-Seine,29272.2
95258,Frouville,30266
95259,Gadancourt,
95268,Garges-lès-Gonesse,13812.4
95270,Genainville,24844.9
95271,Génicourt,27179.5
95277,Gonesse,17382
95280,Goussainville,16644.6
95282,Gouzangrez,31204.3
95287,Grisy-les-Plâtres,27152.5
95288,Groslay,23808.9
95295,Guiry-en-Vexin,27802
95298,Haravilliers,27812.5
95301,Haute-Isle,24007.2
95303,Le Heaulme,26155.6
95304,Hédouville,34026.7
95306,Herblay,25179.3
95308,Hérouville,26490
95309,Hodent,23093.6
95313,L'Isle-Adam,25740
95316,Jagny-sous-Bois,27857.6
95323,Jouy-le-Moutier,22427
95328,Labbeville,26436
95331,Lassy,25452.9
95341,Livilliers,29935.8
95348,Longuesse,26952
95351,Louvres,20836
95352,Luzarches,25740.9
95353,Maffliers,26214.4
95355,Magny-en-Vexin,21438
95365,Mareil-en-France,27360.6
95369,Margency,29628.7
95370,Marines,24281.4
95371,Marly-la-Ville,24123.9
95379,Maudétour-en-Vexin,30511.5
95387,Menouville,
95388,Menucourt,23604.3
95392,Mériel,25393
95394,Méry-sur-Oise,24349.4
95395,Le Mesnil-Aubry,24640.7
95409,Moisselles,25617
95422,Montgeroult,29181.3
95424,Montigny-lès-Cormeilles,19636.7
95426,Montlignon,31350.5
95427,Montmagny,18997.5
95428,Montmorency,26005.5
95429,Montreuil-sur-Epte,24128
95430,Montsoult,26621.1
95436,Mours,25461.1
95438,Moussy,24665.7
95445,Nerville-la-Forêt,27220
95446,Nesles-la-Vallée,28270
95447,Neuilly-en-Vexin,25743.8
95450,Neuville-sur-Oise,29958.4
95452,Nointel,26807.6
95456,Noisy-sur-Oise,24936.6
95459,Nucourt,24987.7
95462,Omerville,23126
95476,Osny,23993
95480,Parmain,26434.3
95483,Le Perchay,26120
95487,Persan,17565.9
95488,Pierrelaye,21415.3
95489,Piscop,25923.3
95491,Le Plessis-Bouchard,26884.3
95492,Le Plessis-Gassot,
95493,Le Plessis-Luzarches,24653.3
95500,Pontoise,19606.6
95504,Presles,27508.9
95509,Puiseux-en-France,24364.7
95510,Puiseux-Pontoise,25049.3
95523,La Roche-Guyon,21100
95527,Roissy-en-France,22708.3
95529,Ronquerolles,26347.6
95535,Sagy,26972.1
95539,Saint-Brice-sous-Forêt,22389.5
95541,Saint-Clair-sur-Epte,19712.7
95543,Saint-Cyr-en-Arthies,25937.1
95554,Saint-Gervais,26222.8
95555,Saint-Gratien,21552.9
95563,Saint-Leu-la-Forêt,26490
95566,Saint-Martin-du-Tertre,23696.2
95572,Saint-Ouen-l'Aumône,19233.3
95574,Saint-Prix,28737.5
95580,Saint-Witz,33465.3
95582,Sannois,21912
95584,Santeuil,28943.3
95585,Sarcelles,14852
95592,Seraincourt,25587
95594,Seugy,26468.9
95598,Soisy-sous-Montmorency,23479.5
95604,Survilliers,21423.1
95607,Taverny,23068.1
95610,Théméricourt,27165.7
95611,Theuville,
95612,Le Thillay,21089
95625,Us,26042
95627,Vallangoujard,28332.7
95628,Valmondois,27998
95633,Vaudherland,
95637,Vauréal,22597.1
95641,Vémars,24340
95651,Vétheuil,23050.7
95652,Viarmes,24965
95656,Vienne-en-Arthies,24418.3
95658,Vigny,26800.7
95660,Villaines-sous-Bois,26523
95675,Villeron,26574.6
95676,Villers-en-Arthies,25561
95678,Villiers-Adam,28242
95680,Villiers-le-Bel,14280.4
95682,Villiers-le-Sec,26294.3
95690,Wy-dit-Joli-Village,29810.5
